"orig","new","w","h","kb"
"ChatGPT Image Jul 14, 2026, 11_52_57 AM (1).png","hero-city.webp","1448","1086","282"
"ChatGPT Image Jul 14, 2026, 11_52_58 AM (2).png","art-002.webp","1672","941","30"
"ChatGPT Image Jul 14, 2026, 11_52_58 AM (3).png","art-003.webp","1086","1448","34"
"ChatGPT Image Jul 14, 2026, 11_52_58 AM (4).png","art-004.webp","1448","1086","40"
"ChatGPT Image Jul 14, 2026, 11_52_59 AM (5).png","art-005.webp","1448","1086","50"
"ChatGPT Image Jul 14, 2026, 11_52_59 AM (6).png","art-006.webp","1448","1086","45"
"ChatGPT Image Jul 14, 2026, 11_53_00 AM (7).png","art-007.webp","1448","1086","50"
"ChatGPT Image Jul 14, 2026, 11_53_00 AM (8).png","art-008.webp","1448","1086","53"
"ChatGPT Image Jul 14, 2026, 11_53_01 AM (10).png","art-009.webp","1448","1086","114"
"ChatGPT Image Jul 14, 2026, 11_53_01 AM (9).png","art-010.webp","1672","941","72"
"ChatGPT Image Jul 14, 2026, 12_05_09 PM (1).png","art-011.webp","2172","724","33"
"ChatGPT Image Jul 14, 2026, 12_05_10 PM (2).png","art-012.webp","1448","1086","65"
"ChatGPT Image Jul 14, 2026, 12_05_10 PM (3).png","art-013.webp","1672","941","45"
"ChatGPT Image Jul 14, 2026, 12_05_11 PM (4).png","art-014.webp","1672","941","111"
"ChatGPT Image Jul 14, 2026, 12_05_11 PM (5).png","art-015.webp","1122","1402","53"
"ChatGPT Image Jul 14, 2026, 12_05_11 PM (6).png","art-016.webp","1448","1086","46"
"ChatGPT Image Jul 14, 2026, 12_05_21 PM (1).png","art-017.webp","1122","1402","88"
"ChatGPT Image Jul 14, 2026, 12_05_21 PM (2).png","art-018.webp","1086","1448","89"
"ChatGPT Image Jul 14, 2026, 12_05_22 PM (3).png","art-019.webp","1086","1448","104"
"ChatGPT Image Jul 14, 2026, 12_05_22 PM (4).png","art-020.webp","1086","1448","62"
"ChatGPT Image Jul 14, 2026, 12_05_23 PM (5).png","art-021.webp","1086","1448","76"
"ChatGPT Image Jul 14, 2026, 12_05_23 PM (6).png","art-022.webp","1086","1448","52"
"ChatGPT Image Jul 14, 2026, 12_05_24 PM (7).png","art-023.webp","2804","561","56"
"ChatGPT Image Jul 14, 2026, 12_05_24 PM (8).png","art-024.webp","2804","561","37"
"ChatGPT Image Jul 14, 2026, 12_05_25 PM (10).png","art-025.webp","1448","1086","91"
"ChatGPT Image Jul 14, 2026, 12_05_25 PM (9).png","art-026.webp","2508","627","45"
"ChatGPT Image Jul 14, 2026, 12_05_51 PM (1).png","art-027.webp","1448","1086","79"
"ChatGPT Image Jul 14, 2026, 12_05_51 PM (2).png","art-028.webp","1448","1086","71"
"ChatGPT Image Jul 14, 2026, 12_05_51 PM (3).png","art-029.webp","1448","1086","47"
"ChatGPT Image Jul 14, 2026, 12_05_54 PM (4).png","art-030.webp","1448","1086","207"
"ChatGPT Image Jul 14, 2026, 12_05_58 PM (5).png","art-031.webp","1448","1086","31"
"ChatGPT Image Jul 14, 2026, 12_06_00 PM (6).png","art-032.webp","1448","1086","50"
"ChatGPT Image Jul 14, 2026, 12_06_01 PM (7).png","art-033.webp","1448","1086","129"
"ChatGPT Image Jul 14, 2026, 12_06_05 PM (10).png","art-034.webp","1448","1086","142"
"ChatGPT Image Jul 14, 2026, 12_06_05 PM (8).png","art-035.webp","1448","1086","51"
"ChatGPT Image Jul 14, 2026, 12_06_05 PM (9).png","art-036.webp","1448","1086","102"
"ChatGPT Image Jul 14, 2026, 12_07_14 PM (1).png","art-037.webp","1448","1086","177"
"ChatGPT Image Jul 14, 2026, 12_07_14 PM (2).png","art-038.webp","1448","1086","134"
"ChatGPT Image Jul 14, 2026, 12_07_16 PM (3).png","art-039.webp","1448","1086","167"
"ChatGPT Image Jul 14, 2026, 12_07_19 PM (4).png","art-040.webp","1448","1086","125"
"ChatGPT Image Jul 14, 2026, 12_07_21 PM (5).png","art-041.webp","1448","1086","146"
"ChatGPT Image Jul 14, 2026, 12_07_24 PM (6).png","art-042.webp","1448","1086","154"
"ChatGPT Image Jul 14, 2026, 12_07_24 PM (7).png","art-043.webp","1448","1086","145"
"ChatGPT Image Jul 14, 2026, 12_07_27 PM (8).png","art-044.webp","1448","1086","168"
"ChatGPT Image Jul 14, 2026, 12_08_00 PM (1).png","art-045.webp","1448","1086","142"
"ChatGPT Image Jul 14, 2026, 12_08_00 PM (2).png","art-046.webp","1448","1086","129"
"ChatGPT Image Jul 14, 2026, 12_08_04 PM (3).png","art-047.webp","1448","1086","116"
"ChatGPT Image Jul 14, 2026, 12_08_07 PM (4).png","art-048.webp","2172","724","66"
"ChatGPT Image Jul 14, 2026, 12_08_11 PM (5).png","art-049.webp","1448","1086","143"
"ChatGPT Image Jul 14, 2026, 12_08_14 PM (6).png","art-050.webp","1448","1086","116"
"ChatGPT Image Jul 14, 2026, 12_08_59 PM (1).png","scene-montage.webp","1470","1070","386"
"ChatGPT Image Jul 14, 2026, 12_09_01 PM (2).png","scene-plaza.webp","1470","1070","236"
"ChatGPT Image Jul 14, 2026, 12_09_05 PM (3).png","scene-skyline-map.webp","1470","1070","265"
"ChatGPT Image Jul 14, 2026, 12_09_28 PM (1).png","map-wash.webp","1536","1024","262"
"ChatGPT Image Jul 14, 2026, 12_09_28 PM (2).png","community-scene.webp","1536","1024","362"
"ChatGPT Image Jul 14, 2026, 12_09_32 PM (3).png","scene-garden.webp","1536","1024","246"
"ChatGPT Image Jul 14, 2026, 12_09_35 PM (4).png","collage-torn.webp","1536","1024","295"
"ChatGPT Image Jul 14, 2026, 12_09_53 PM (1).png","DUP->map-wash.webp","","",""
"ChatGPT Image Jul 14, 2026, 12_09_53 PM (2).png","DUP->community-scene.webp","","",""
"ChatGPT Image Jul 14, 2026, 12_09_53 PM (3).png","DUP->scene-garden.webp","","",""
"ChatGPT Image Jul 14, 2026, 12_09_53 PM (4).png","DUP->collage-torn.webp","","",""
"ChatGPT Image Jul 14, 2026, 12_10_09 PM (1).png","art-058.webp","1448","1086","153"
"ChatGPT Image Jul 14, 2026, 12_10_09 PM (2).png","art-059.webp","1448","1086","83"
"ChatGPT Image Jul 14, 2026, 12_10_12 PM (3).png","art-060.webp","1448","1086","78"
"ChatGPT Image Jul 14, 2026, 12_10_15 PM (4).png","art-061.webp","1448","1086","66"
"ChatGPT Image Jul 14, 2026, 12_10_18 PM (5).png","art-062.webp","1448","1086","121"
"ChatGPT Image Jul 14, 2026, 12_10_20 PM (6).png","art-063.webp","1448","1086","65"
"ChatGPT Image Jul 14, 2026, 12_10_23 PM (7).png","art-064.webp","1448","1086","87"
"ChatGPT Image Jul 14, 2026, 12_10_25 PM (8).png","art-065.webp","1448","1086","225"
"ChatGPT Image Jul 14, 2026, 12_10_41 PM (1).png","art-066.webp","1448","1086","161"
"ChatGPT Image Jul 14, 2026, 12_10_43 PM (2).png","art-067.webp","1122","1402","105"
"ChatGPT Image Jul 14, 2026, 12_10_46 PM (3).png","art-068.webp","1448","1086","120"
"ChatGPT Image Jul 14, 2026, 12_10_49 PM (4).png","art-069.webp","1448","1086","94"
"ChatGPT Image Jul 14, 2026, 12_10_51 PM (5).png","art-070.webp","1122","1402","87"
"ChatGPT Image Jul 14, 2026, 12_10_54 PM (6).png","art-071.webp","1448","1086","91"
"ChatGPT Image Jul 14, 2026, 12_10_57 PM (7).png","art-072.webp","1448","1086","80"
"ChatGPT Image Jul 14, 2026, 12_10_59 PM (8).png","art-073.webp","1448","1086","173"
"ChatGPT Image Jul 14, 2026, 12_11_11 PM (1).png","art-074.webp","1448","1086","147"
"ChatGPT Image Jul 14, 2026, 12_11_12 PM (2).png","art-075.webp","1448","1086","92"
"ChatGPT Image Jul 14, 2026, 12_11_15 PM (1).png","DUP->art-074.webp","","",""
"ChatGPT Image Jul 14, 2026, 12_11_15 PM (2).png","DUP->art-075.webp","","",""
"ChatGPT Image Jul 14, 2026, 12_11_16 PM (3).png","art-076.webp","1448","1086","74"
"ChatGPT Image Jul 14, 2026, 12_11_17 PM (4).png","art-077.webp","1448","1086","75"
"ChatGPT Image Jul 14, 2026, 12_11_20 PM (5).png","art-078.webp","1448","1086","137"
"ChatGPT Image Jul 14, 2026, 12_11_23 PM (6).png","art-079.webp","1254","1254","165"
"ChatGPT Image Jul 14, 2026, 12_11_26 PM (7).png","art-080.webp","1254","1254","151"
"ChatGPT Image Jul 14, 2026, 12_11_27 PM (8).png","art-081.webp","1254","1254","151"
"ChatGPT Image Jul 14, 2026, 12_11_30 PM (9).png","spot-wallet.webp","1254","1254","148"
"ChatGPT Image Jul 14, 2026, 12_11_33 PM (10).png","art-083.webp","1254","1254","200"
"ChatGPT Image Jul 14, 2026, 12_13_24 PM (1).png","avatar-1.webp","1254","1254","261"
"ChatGPT Image Jul 14, 2026, 12_13_24 PM (2).png","avatar-2.webp","1254","1254","257"
"ChatGPT Image Jul 14, 2026, 12_13_24 PM (3).png","avatar-3.webp","1254","1254","228"
"ChatGPT Image Jul 14, 2026, 12_13_24 PM (4).png","spot-events.webp","1254","1254","149"
"ChatGPT Image Jul 14, 2026, 12_13_24 PM (5).png","spot-chat.webp","1254","1254","136"
"ChatGPT Image Jul 14, 2026, 12_13_27 PM (6).png","spot-map.webp","1254","1254","183"
"ChatGPT Image Jul 14, 2026, 12_13_29 PM (7).png","art-090.webp","1448","1086","115"
"ChatGPT Image Jul 14, 2026, 12_13_32 PM (8).png","art-091.webp","1448","1086","74"
"ChatGPT Image Jul 14, 2026, 12_13_34 PM (9).png","art-092.webp","1448","1086","71"
"ChatGPT Image Jul 14, 2026, 12_13_36 PM (10).png","art-093.webp","1448","1086","79"
"ChatGPT Image Jul 14, 2026, 12_15_57 PM (1).png","scene-meetup.webp","1536","1024","280"
"ChatGPT Image Jul 14, 2026, 12_15_57 PM (2).png","shape-disc.webp","1254","1254","238"
"ChatGPT Image Jul 14, 2026, 12_16_00 PM (3).png","shape-blot.webp","1254","1254","307"
"ChatGPT Image Jul 14, 2026, 12_16_03 PM (4).png","shape-sprig.webp","1254","1254","71"
"ChatGPT Image Jul 14, 2026, 12_16_05 PM (5).png","avatar-4.webp","1254","1254","348"
"ChatGPT Image Jul 14, 2026, 12_16_07 PM (6).png","avatar-5.webp","1254","1254","334"
"ChatGPT Image Jul 14, 2026, 12_16_10 PM (7).png","avatar-6.webp","1254","1254","310"
"ChatGPT Image Jul 14, 2026, 12_16_12 PM (8).png","avatar-7.webp","1254","1254","251"
"ChatGPT Image Jul 14, 2026, 12_16_14 PM (9).png","avatar-8.webp","1254","1254","293"
"ChatGPT Image Jul 14, 2026, 12_16_17 PM (10).png","avatar-9.webp","1254","1254","302"
"ChatGPT Image Jul 14, 2026, 12_20_27 PM (1).png","map-pins.webp","1536","1024","272"
"ChatGPT Image Jul 14, 2026, 12_20_27 PM (2).png","scene-city-life.webp","1536","1024","383"
"ChatGPT Image Jul 14, 2026, 12_20_30 PM (3).png","scene-pair.webp","1536","1024","263"
"ChatGPT Image Jul 14, 2026, 12_20_34 PM (4).png","about-collage.webp","1536","1024","249"
"ChatGPT Image Jul 14, 2026, 12_20_37 PM (5).png","spot-journal.webp","1254","1254","266"
"ChatGPT Image Jul 14, 2026, 12_20_39 PM (6).png","spot-hug.webp","1254","1254","262"
"ChatGPT Image Jul 14, 2026, 12_20_42 PM (7).png","spot-paddle.webp","1254","1254","260"
"ChatGPT Image Jul 14, 2026, 12_20_45 PM (8).png","spot-live.webp","1254","1254","231"
"ChatGPT Image Jul 14, 2026, 12_20_48 PM (10).png","spot-tripmap.webp","1254","1254","247"
"ChatGPT Image Jul 14, 2026, 12_20_48 PM (9).png","wallet-scene.webp","1254","1254","231"
"ChatGPT Image Jul 14, 2026, 12_35_38 PM.png","scene-workshop.webp","1672","941","256"
"ChatGPT Image Jul 14, 2026, 12_36_10 PM.png","art-115.webp","1672","941","122"
